[
  {
    "Name": "TAT_AR_000",
    "LocalizedName": "Turbulence",
    "HashNameMale": "MP_Airraces_Tattoo_000_M",
    "HashNameFemale": "MP_Airraces_Tattoo_000_F",
    "Zone": "ZONE_TORSO",
    "ZoneID": 0,
    "Price": 13205
  },
  {
    "Name": "TAT_AR_001",
    "LocalizedName": "Pilot Skull",
    "HashNameMale": "MP_Airraces_Tattoo_001_M",
    "HashNameFemale": "MP_Airraces_Tattoo_001_F",
    "Zone": "ZONE_TORSO",
    "ZoneID": 0,
    "Price": 18105
  },
  {
    "Name": "TAT_AR_002",
    "LocalizedName": "Winged Bombshell",
    "HashNameMale": "MP_Airraces_Tattoo_002_M",
    "HashNameFemale": "MP_Airraces_Tattoo_002_F",
    "Zone": "ZONE_TORSO",
    "ZoneID": 0,
    "Price": 16485
  },
  {
    "Name": "TAT_AR_003",
    "LocalizedName": "Toxic Trails",
    "HashNameMale": "MP_Airraces_Tattoo_003_M",
    "HashNameFemale": "MP_Airraces_Tattoo_003_F",
    "Zone": "ZONE_LEFT_ARM",
    "ZoneID": 2,
    "Price": 11985
  },
  {
    "Name": "TAT_AR_004",
    "LocalizedName": "Balloon Pioneer",
    "HashNameMale": "MP_Airraces_Tattoo_004_M",
    "HashNameFemale": "MP_Airraces_Tattoo_004_F",
    "Zone": "ZONE_TORSO",
    "ZoneID": 0,
    "Price": 10390
  },
  {
    "Name": "TAT_AR_005",
    "LocalizedName": "Parachute Belle",
    "HashNameMale": "MP_Airraces_Tattoo_005_M",
    "HashNameFemale": "MP_Airraces_Tattoo_005_F",
    "Zone": "ZONE_TORSO",
    "ZoneID": 0,
    "Price": 15270
  },
  {
    "Name": "TAT_AR_006",
    "LocalizedName": "Bombs Away",
    "HashNameMale": "MP_Airraces_Tattoo_006_M",
    "HashNameFemale": "MP_Airraces_Tattoo_006_F",
    "Zone": "ZONE_TORSO",
    "ZoneID": 0,
    "Price": 12520
  },
  {
    "Name": "TAT_AR_007",
    "LocalizedName": "Eagle Eyes",
    "HashNameMale": "MP_Airraces_Tattoo_007_M",
    "HashNameFemale": "MP_Airraces_Tattoo_007_F",
    "Zone": "ZONE_TORSO",
    "ZoneID": 0,
    "Price": 13925
  }
]