[
  {
    "Name": "TAT_H3_000",
    "LocalizedName": "Five Stars",
    "HashNameMale": "mpHeist3_Tat_000_M",
    "HashNameFemale": "mpHeist3_Tat_000_F",
    "Zone": "ZONE_HEAD",
    "ZoneID": 1,
    "Price": 20750
  },
  {
    "Name": "TAT_H3_001",
    "LocalizedName": "Ace of Spades",
    "HashNameMale": "mpHeist3_Tat_001_M",
    "HashNameFemale": "mpHeist3_Tat_001_F",
    "Zone": "ZONE_HEAD",
    "ZoneID": 1,
    "Price": 15725
  },
  {
    "Name": "TAT_H3_002",
    "LocalizedName": "Animal",
    "HashNameMale": "mpHeist3_Tat_002_M",
    "HashNameFemale": "mpHeist3_Tat_002_F",
    "Zone": "ZONE_HEAD",
    "ZoneID": 1,
    "Price": 17200
  },
  {
    "Name": "TAT_H3_003",
    "LocalizedName": "Assault Rifle",
    "HashNameMale": "mpHeist3_Tat_003_M",
    "HashNameFemale": "mpHeist3_Tat_003_F",
    "Zone": "ZONE_HEAD",
    "ZoneID": 1,
    "Price": 16650
  },
  {
    "Name": "TAT_H3_004",
    "LocalizedName": "Bandage",
    "HashNameMale": "mpHeist3_Tat_004_M",
    "HashNameFemale": "mpHeist3_Tat_004_F",
    "Zone": "ZONE_HEAD",
    "ZoneID": 1,
    "Price": 18100
  },
  {
    "Name": "TAT_H3_005",
    "LocalizedName": "Spades",
    "HashNameMale": "mpHeist3_Tat_005_M",
    "HashNameFemale": "mpHeist3_Tat_005_F",
    "Zone": "ZONE_HEAD",
    "ZoneID": 1,
    "Price": 14500
  },
  {
    "Name": "TAT_H3_006",
    "LocalizedName": "Crowned",
    "HashNameMale": "mpHeist3_Tat_006_M",
    "HashNameFemale": "mpHeist3_Tat_006_F",
    "Zone": "ZONE_HEAD",
    "ZoneID": 1,
    "Price": 16950
  },
  {
    "Name": "TAT_H3_007",
    "LocalizedName": "Two Horns",
    "HashNameMale": "mpHeist3_Tat_007_M",
    "HashNameFemale": "mpHeist3_Tat_007_F",
    "Zone": "ZONE_HEAD",
    "ZoneID": 1,
    "Price": 24800
  },
  {
    "Name": "TAT_H3_008",
    "LocalizedName": "Ice Cream",
    "HashNameMale": "mpHeist3_Tat_008_M",
    "HashNameFemale": "mpHeist3_Tat_008_F",
    "Zone": "ZONE_HEAD",
    "ZoneID": 1,
    "Price": 21350
  },
  {
    "Name": "TAT_H3_009",
    "LocalizedName": "Knifed",
    "HashNameMale": "mpHeist3_Tat_009_M",
    "HashNameFemale": "mpHeist3_Tat_009_F",
    "Zone": "ZONE_HEAD",
    "ZoneID": 1,
    "Price": 18850
  },
  {
    "Name": "TAT_H3_010",
    "LocalizedName": "Green Leaf",
    "HashNameMale": "mpHeist3_Tat_010_M",
    "HashNameFemale": "mpHeist3_Tat_010_F",
    "Zone": "ZONE_HEAD",
    "ZoneID": 1,
    "Price": 14950
  },
  {
    "Name": "TAT_H3_011",
    "LocalizedName": "Lipstick Kiss",
    "HashNameMale": "mpHeist3_Tat_011_M",
    "HashNameFemale": "mpHeist3_Tat_011_F",
    "Zone": "ZONE_HEAD",
    "ZoneID": 1,
    "Price": 23900
  },
  {
    "Name": "TAT_H3_012",
    "LocalizedName": "Razor Pop",
    "HashNameMale": "mpHeist3_Tat_012_M",
    "HashNameFemale": "mpHeist3_Tat_012_F",
    "Zone": "ZONE_HEAD",
    "ZoneID": 1,
    "Price": 22850
  },
  {
    "Name": "TAT_H3_013",
    "LocalizedName": "LS Star",
    "HashNameMale": "mpHeist3_Tat_013_M",
    "HashNameFemale": "mpHeist3_Tat_013_F",
    "Zone": "ZONE_HEAD",
    "ZoneID": 1,
    "Price": 11200
  },
  {
    "Name": "TAT_H3_014",
    "LocalizedName": "LS Wings",
    "HashNameMale": "mpHeist3_Tat_014_M",
    "HashNameFemale": "mpHeist3_Tat_014_F",
    "Zone": "ZONE_HEAD",
    "ZoneID": 1,
    "Price": 11500
  },
  {
    "Name": "TAT_H3_015",
    "LocalizedName": "On/Off",
    "HashNameMale": "mpHeist3_Tat_015_M",
    "HashNameFemale": "mpHeist3_Tat_015_F",
    "Zone": "ZONE_HEAD",
    "ZoneID": 1,
    "Price": 15850
  },
  {
    "Name": "TAT_H3_016",
    "LocalizedName": "Sleepy",
    "HashNameMale": "mpHeist3_Tat_016_M",
    "HashNameFemale": "mpHeist3_Tat_016_F",
    "Zone": "ZONE_HEAD",
    "ZoneID": 1,
    "Price": 13900
  },
  {
    "Name": "TAT_H3_017",
    "LocalizedName": "Space Monkey",
    "HashNameMale": "mpHeist3_Tat_017_M",
    "HashNameFemale": "mpHeist3_Tat_017_F",
    "Zone": "ZONE_HEAD",
    "ZoneID": 1,
    "Price": 16050
  },
  {
    "Name": "TAT_H3_018",
    "LocalizedName": "Stitches",
    "HashNameMale": "mpHeist3_Tat_018_M",
    "HashNameFemale": "mpHeist3_Tat_018_F",
    "Zone": "ZONE_HEAD",
    "ZoneID": 1,
    "Price": 24600
  },
  {
    "Name": "TAT_H3_019",
    "LocalizedName": "Teddy Bear",
    "HashNameMale": "mpHeist3_Tat_019_M",
    "HashNameFemale": "mpHeist3_Tat_019_F",
    "Zone": "ZONE_HEAD",
    "ZoneID": 1,
    "Price": 20050
  },
  {
    "Name": "TAT_H3_020",
    "LocalizedName": "UFO",
    "HashNameMale": "mpHeist3_Tat_020_M",
    "HashNameFemale": "mpHeist3_Tat_020_F",
    "Zone": "ZONE_HEAD",
    "ZoneID": 1,
    "Price": 21200
  },
  {
    "Name": "TAT_H3_021",
    "LocalizedName": "Wanted",
    "HashNameMale": "mpHeist3_Tat_021_M",
    "HashNameFemale": "mpHeist3_Tat_021_F",
    "Zone": "ZONE_HEAD",
    "ZoneID": 1,
    "Price": 23700
  },
  {
    "Name": "TAT_H3_022",
    "LocalizedName": "Thog's Sword",
    "HashNameMale": "mpHeist3_Tat_022_M",
    "HashNameFemale": "mpHeist3_Tat_022_F",
    "Zone": "ZONE_HEAD",
    "ZoneID": 1,
    "Price": 20900
  },
  {
    "Name": "TAT_H3_023",
    "LocalizedName": "Bigfoot",
    "HashNameMale": "mpHeist3_Tat_023_M",
    "HashNameFemale": "mpHeist3_Tat_023_F",
    "Zone": "ZONE_TORSO",
    "ZoneID": 0,
    "Price": 40500
  },
  {
    "Name": "TAT_H3_024",
    "LocalizedName": "Mount Chiliad",
    "HashNameMale": "mpHeist3_Tat_024_M",
    "HashNameFemale": "mpHeist3_Tat_024_F",
    "Zone": "ZONE_TORSO",
    "ZoneID": 0,
    "Price": 75000
  },
  {
    "Name": "TAT_H3_025",
    "LocalizedName": "Davis",
    "HashNameMale": "mpHeist3_Tat_025_M",
    "HashNameFemale": "mpHeist3_Tat_025_F",
    "Zone": "ZONE_TORSO",
    "ZoneID": 0,
    "Price": 32500
  },
  {
    "Name": "TAT_H3_026",
    "LocalizedName": "Dignity",
    "HashNameMale": "mpHeist3_Tat_026_M",
    "HashNameFemale": "mpHeist3_Tat_026_F",
    "Zone": "ZONE_TORSO",
    "ZoneID": 0,
    "Price": 30300
  },
  {
    "Name": "TAT_H3_027",
    "LocalizedName": "Epsilon",
    "HashNameMale": "mpHeist3_Tat_027_M",
    "HashNameFemale": "mpHeist3_Tat_027_F",
    "Zone": "ZONE_TORSO",
    "ZoneID": 0,
    "Price": 64800
  },
  {
    "Name": "TAT_H3_028",
    "LocalizedName": "Bananas Gone Bad",
    "HashNameMale": "mpHeist3_Tat_028_M",
    "HashNameFemale": "mpHeist3_Tat_028_F",
    "Zone": "ZONE_TORSO",
    "ZoneID": 0,
    "Price": 52000
  },
  {
    "Name": "TAT_H3_029",
    "LocalizedName": "Fatal Incursion",
    "HashNameMale": "mpHeist3_Tat_029_M",
    "HashNameFemale": "mpHeist3_Tat_029_F",
    "Zone": "ZONE_TORSO",
    "ZoneID": 0,
    "Price": 33900
  },
  {
    "Name": "TAT_H3_030",
    "LocalizedName": "Howitzer",
    "HashNameMale": "mpHeist3_Tat_030_M",
    "HashNameFemale": "mpHeist3_Tat_030_F",
    "Zone": "ZONE_TORSO",
    "ZoneID": 0,
    "Price": 36000
  },
  {
    "Name": "TAT_H3_031",
    "LocalizedName": "Kifflom",
    "HashNameMale": "mpHeist3_Tat_031_M",
    "HashNameFemale": "mpHeist3_Tat_031_F",
    "Zone": "ZONE_RIGHT_LEG",
    "ZoneID": 5,
    "Price": 39250
  },
  {
    "Name": "TAT_H3_032",
    "LocalizedName": "Love Fist",
    "HashNameMale": "mpHeist3_Tat_032_M",
    "HashNameFemale": "mpHeist3_Tat_032_F",
    "Zone": "ZONE_LEFT_LEG",
    "ZoneID": 4,
    "Price": 42600
  },
  {
    "Name": "TAT_H3_033",
    "LocalizedName": "LS City",
    "HashNameMale": "mpHeist3_Tat_033_M",
    "HashNameFemale": "mpHeist3_Tat_033_F",
    "Zone": "ZONE_TORSO",
    "ZoneID": 0,
    "Price": 28200
  },
  {
    "Name": "TAT_H3_034",
    "LocalizedName": "LS Monogram",
    "HashNameMale": "mpHeist3_Tat_034_M",
    "HashNameFemale": "mpHeist3_Tat_034_F",
    "Zone": "ZONE_RIGHT_ARM",
    "ZoneID": 3,
    "Price": 15150
  },
  {
    "Name": "TAT_H3_035",
    "LocalizedName": "LS Panic",
    "HashNameMale": "mpHeist3_Tat_035_M",
    "HashNameFemale": "mpHeist3_Tat_035_F",
    "Zone": "ZONE_TORSO",
    "ZoneID": 0,
    "Price": 23900
  },
  {
    "Name": "TAT_H3_036",
    "LocalizedName": "LS Shield",
    "HashNameMale": "mpHeist3_Tat_036_M",
    "HashNameFemale": "mpHeist3_Tat_036_F",
    "Zone": "ZONE_TORSO",
    "ZoneID": 0,
    "Price": 30400
  },
  {
    "Name": "TAT_H3_037",
    "LocalizedName": "Ladybug",
    "HashNameMale": "mpHeist3_Tat_037_M",
    "HashNameFemale": "mpHeist3_Tat_037_F",
    "Zone": "ZONE_TORSO",
    "ZoneID": 0,
    "Price": 24100
  },
  {
    "Name": "TAT_H3_038",
    "LocalizedName": "Robot Bubblegum",
    "HashNameMale": "mpHeist3_Tat_038_M",
    "HashNameFemale": "mpHeist3_Tat_038_F",
    "Zone": "ZONE_TORSO",
    "ZoneID": 0,
    "Price": 52400
  },
  {
    "Name": "TAT_H3_039",
    "LocalizedName": "Space Rangers",
    "HashNameMale": "mpHeist3_Tat_039_M",
    "HashNameFemale": "mpHeist3_Tat_039_F",
    "Zone": "ZONE_TORSO",
    "ZoneID": 0,
    "Price": 49700
  },
  {
    "Name": "TAT_H3_040",
    "LocalizedName": "Tiger Heart",
    "HashNameMale": "mpHeist3_Tat_040_M",
    "HashNameFemale": "mpHeist3_Tat_040_F",
    "Zone": "ZONE_LEFT_ARM",
    "ZoneID": 2,
    "Price": 22600
  },
  {
    "Name": "TAT_H3_041",
    "LocalizedName": "Mighty Thog",
    "HashNameMale": "mpHeist3_Tat_041_M",
    "HashNameFemale": "mpHeist3_Tat_041_F",
    "Zone": "ZONE_LEFT_ARM",
    "ZoneID": 2,
    "Price": 37600
  },
  {
    "Name": "TAT_H3_042",
    "LocalizedName": "Hearts",
    "HashNameMale": "mpHeist3_Tat_042_M",
    "HashNameFemale": "mpHeist3_Tat_042_F",
    "Zone": "ZONE_HEAD",
    "ZoneID": 1,
    "Price": 14400
  },
  {
    "Name": "TAT_H3_043",
    "LocalizedName": "Diamonds",
    "HashNameMale": "mpHeist3_Tat_043_M",
    "HashNameFemale": "mpHeist3_Tat_043_F",
    "Zone": "ZONE_HEAD",
    "ZoneID": 1,
    "Price": 14300
  },
  {
    "Name": "TAT_H3_044",
    "LocalizedName": "Clubs",
    "HashNameMale": "mpHeist3_Tat_044_M",
    "HashNameFemale": "mpHeist3_Tat_044_F",
    "Zone": "ZONE_HEAD",
    "ZoneID": 1,
    "Price": 14200
  }
]