[
  {
    "Name": "TAT_SM_000",
    "LocalizedName": "Bless The Dead",
    "HashNameMale": "MP_Smuggler_Tattoo_000_M",
    "HashNameFemale": "MP_Smuggler_Tattoo_000_F",
    "Zone": "ZONE_TORSO",
    "ZoneID": 0,
    "Price": 11270
  },
  {
    "Name": "TAT_SM_001",
    "LocalizedName": "Crackshot",
    "HashNameMale": "MP_Smuggler_Tattoo_001_M",
    "HashNameFemale": "MP_Smuggler_Tattoo_001_F",
    "Zone": "ZONE_RIGHT_ARM",
    "ZoneID": 3,
    "Price": 10825
  },
  {
    "Name": "TAT_SM_002",
    "LocalizedName": "Dead Lies",
    "HashNameMale": "MP_Smuggler_Tattoo_002_M",
    "HashNameFemale": "MP_Smuggler_Tattoo_002_F",
    "Zone": "ZONE_TORSO",
    "ZoneID": 0,
    "Price": 12430
  },
  {
    "Name": "TAT_SM_003",
    "LocalizedName": "Give Nothing Back",
    "HashNameMale": "MP_Smuggler_Tattoo_003_M",
    "HashNameFemale": "MP_Smuggler_Tattoo_003_F",
    "Zone": "ZONE_TORSO",
    "ZoneID": 0,
    "Price": 13090
  },
  {
    "Name": "TAT_SM_004",
    "LocalizedName": "Honor",
    "HashNameMale": "MP_Smuggler_Tattoo_004_M",
    "HashNameFemale": "MP_Smuggler_Tattoo_004_F",
    "Zone": "ZONE_LEFT_ARM",
    "ZoneID": 2,
    "Price": 8150
  },
  {
    "Name": "TAT_SM_005",
    "LocalizedName": "Mutiny",
    "HashNameMale": "MP_Smuggler_Tattoo_005_M",
    "HashNameFemale": "MP_Smuggler_Tattoo_005_F",
    "Zone": "ZONE_RIGHT_ARM",
    "ZoneID": 3,
    "Price": 7920
  },
  {
    "Name": "TAT_SM_006",
    "LocalizedName": "Never Surrender",
    "HashNameMale": "MP_Smuggler_Tattoo_006_M",
    "HashNameFemale": "MP_Smuggler_Tattoo_006_F",
    "Zone": "ZONE_TORSO",
    "ZoneID": 0,
    "Price": 9475
  },
  {
    "Name": "TAT_SM_007",
    "LocalizedName": "No Honor",
    "HashNameMale": "MP_Smuggler_Tattoo_007_M",
    "HashNameFemale": "MP_Smuggler_Tattoo_007_F",
    "Zone": "ZONE_TORSO",
    "ZoneID": 0,
    "Price": 8525
  },
  {
    "Name": "TAT_SM_008",
    "LocalizedName": "Horrors Of The Deep",
    "HashNameMale": "MP_Smuggler_Tattoo_008_M",
    "HashNameFemale": "MP_Smuggler_Tattoo_008_F",
    "Zone": "ZONE_LEFT_ARM",
    "ZoneID": 2,
    "Price": 11045
  },
  {
    "Name": "TAT_SM_009",
    "LocalizedName": "Tall Ship Conflict",
    "HashNameMale": "MP_Smuggler_Tattoo_009_M",
    "HashNameFemale": "MP_Smuggler_Tattoo_009_F",
    "Zone": "ZONE_TORSO",
    "ZoneID": 0,
    "Price": 16625
  },
  {
    "Name": "TAT_SM_010",
    "LocalizedName": "See You In Hell",
    "HashNameMale": "MP_Smuggler_Tattoo_010_M",
    "HashNameFemale": "MP_Smuggler_Tattoo_010_F",
    "Zone": "ZONE_TORSO",
    "ZoneID": 0,
    "Price": 12815
  },
  {
    "Name": "TAT_SM_011",
    "LocalizedName": "Sinner",
    "HashNameMale": "MP_Smuggler_Tattoo_011_M",
    "HashNameFemale": "MP_Smuggler_Tattoo_011_F",
    "Zone": "ZONE_HEAD",
    "ZoneID": 1,
    "Price": 8110
  },
  {
    "Name": "TAT_SM_012",
    "LocalizedName": "Thief",
    "HashNameMale": "MP_Smuggler_Tattoo_012_M",
    "HashNameFemale": "MP_Smuggler_Tattoo_012_F",
    "Zone": "ZONE_HEAD",
    "ZoneID": 1,
    "Price": 10720
  },
  {
    "Name": "TAT_SM_013",
    "LocalizedName": "Torn Wings",
    "HashNameMale": "MP_Smuggler_Tattoo_013_M",
    "HashNameFemale": "MP_Smuggler_Tattoo_013_F",
    "Zone": "ZONE_TORSO",
    "ZoneID": 0,
    "Price": 10540
  },
  {
    "Name": "TAT_SM_014",
    "LocalizedName": "Mermaid's Curse",
    "HashNameMale": "MP_Smuggler_Tattoo_014_M",
    "HashNameFemale": "MP_Smuggler_Tattoo_014_F",
    "Zone": "ZONE_LEFT_ARM",
    "ZoneID": 2,
    "Price": 8825
  },
  {
    "Name": "TAT_SM_015",
    "LocalizedName": "Jolly Roger",
    "HashNameMale": "MP_Smuggler_Tattoo_015_M",
    "HashNameFemale": "MP_Smuggler_Tattoo_015_F",
    "Zone": "ZONE_TORSO",
    "ZoneID": 0,
    "Price": 9765
  },
  {
    "Name": "TAT_SM_016",
    "LocalizedName": "Skull Compass",
    "HashNameMale": "MP_Smuggler_Tattoo_016_M",
    "HashNameFemale": "MP_Smuggler_Tattoo_016_F",
    "Zone": "ZONE_TORSO",
    "ZoneID": 0,
    "Price": 13790
  },
  {
    "Name": "TAT_SM_017",
    "LocalizedName": "Framed Tall Ship",
    "HashNameMale": "MP_Smuggler_Tattoo_017_M",
    "HashNameFemale": "MP_Smuggler_Tattoo_017_F",
    "Zone": "ZONE_TORSO",
    "ZoneID": 0,
    "Price": 18850
  },
  {
    "Name": "TAT_SM_018",
    "LocalizedName": "Finders Keepers",
    "HashNameMale": "MP_Smuggler_Tattoo_018_M",
    "HashNameFemale": "MP_Smuggler_Tattoo_018_F",
    "Zone": "ZONE_TORSO",
    "ZoneID": 0,
    "Price": 16990
  },
  {
    "Name": "TAT_SM_019",
    "LocalizedName": "Lost At Sea",
    "HashNameMale": "MP_Smuggler_Tattoo_019_M",
    "HashNameFemale": "MP_Smuggler_Tattoo_019_F",
    "Zone": "ZONE_TORSO",
    "ZoneID": 0,
    "Price": 11105
  },
  {
    "Name": "TAT_SM_020",
    "LocalizedName": "Homeward Bound",
    "HashNameMale": "MP_Smuggler_Tattoo_020_M",
    "HashNameFemale": "MP_Smuggler_Tattoo_020_F",
    "Zone": "ZONE_RIGHT_LEG",
    "ZoneID": 5,
    "Price": 9155
  },
  {
    "Name": "TAT_SM_021",
    "LocalizedName": "Dead Tales",
    "HashNameMale": "MP_Smuggler_Tattoo_021_M",
    "HashNameFemale": "MP_Smuggler_Tattoo_021_F",
    "Zone": "ZONE_TORSO",
    "ZoneID": 0,
    "Price": 14860
  },
  {
    "Name": "TAT_SM_022",
    "LocalizedName": "X Marks The Spot",
    "HashNameMale": "MP_Smuggler_Tattoo_022_M",
    "HashNameFemale": "MP_Smuggler_Tattoo_022_F",
    "Zone": "ZONE_TORSO",
    "ZoneID": 0,
    "Price": 16710
  },
  {
    "Name": "TAT_SM_023",
    "LocalizedName": "Stylized Kraken",
    "HashNameMale": "MP_Smuggler_Tattoo_023_M",
    "HashNameFemale": "MP_Smuggler_Tattoo_023_F",
    "Zone": "ZONE_RIGHT_ARM",
    "ZoneID": 3,
    "Price": 14400
  },
  {
    "Name": "TAT_SM_024",
    "LocalizedName": "Pirate Captain",
    "HashNameMale": "MP_Smuggler_Tattoo_024_M",
    "HashNameFemale": "MP_Smuggler_Tattoo_024_F",
    "Zone": "ZONE_TORSO",
    "ZoneID": 0,
    "Price": 18210
  },
  {
    "Name": "TAT_SM_025",
    "LocalizedName": "Claimed By The Beast",
    "HashNameMale": "MP_Smuggler_Tattoo_025_M",
    "HashNameFemale": "MP_Smuggler_Tattoo_025_F",
    "Zone": "ZONE_TORSO",
    "ZoneID": 0,
    "Price": 17450
  }
]