[{
    "identifiers":["steam:11000010b4d8c98","license:f28e32379c7fee41f1e24f1927cf338195bef5a8","xbl:2533275013622658","live:1055520988448483","fivem:926106","ip:185.175.32.154"],
    "banner":"Eliko Argwinn",
    "expire":10444633200,
    "banid":1,
    "reason":"Troll + NoRP + Freekill ( Pseudo : zsagia11 ), banni par : Eliko Argwinn"
  },{
    "identifiers":["steam:110000142688a7d","license:2d90576fc4c1fc0fec149fdcfd98ae9855165650","ip:37.120.204.35"],
    "banner":"Franck Gilbert",
    "expire":10444633200,
    "banid":2,
    "reason":"cheat ( Pseudo : malo640123456789000 ), banni par : Franck Gilbert"
  },{
    "identifiers":["steam:11000014253024e","license:2066a488181f387b71f3c6d68502f7f24838610f","ip:139.28.219.70"],
    "banner":"GoldenBeast",
    "expire":10444633200,
    "banid":3,
    "reason":"Aucune raison spécifiée ( Pseudo : Sam tornor ), banni par : GoldenBeast"
  },{
    "identifiers":["steam:1100001150c1f3f","license:35af1f70543753472d4716595c0d0f3a94eb0662","discord:398512218955710487","ip:89.83.6.222"],
    "banner":"Jason Dave",
    "expire":10444633200,
    "banid":4,
    "reason":"Troll ( Pseudo : Mark LaMachine ), banni par : Jason Dave"
  },{
    "identifiers":["steam:1100001150c1f3f","license:35af1f70543753472d4716595c0d0f3a94eb0662","discord:398512218955710487","ip:89.83.6.222"],
    "banner":"GoldenBeast",
    "expire":10444633200,
    "banid":5,
    "reason":"Aucune raison spécifiée ( Pseudo : Mark LaMachine ), banni par : GoldenBeast"
  },{
    "identifiers":["steam:1100001150c1f3f","license:35af1f70543753472d4716595c0d0f3a94eb0662","discord:398512218955710487","ip:89.83.6.222"],
    "banner":"GoldenBeast",
    "expire":10444633200,
    "banid":6,
    "reason":"Aucune raison spécifiée ( Pseudo : Mark LaMachine ), banni par : GoldenBeast"
  },{
    "identifiers":["steam:1100001424260b4","license:3c869bd627d8e6fbbf4d70176caf4b35f5c8ed1e","ip:90.3.22.236"],
    "banner":"Chris Lopez",
    "expire":10444633200,
    "banid":7,
    "reason":"Vas trouver un autre serv ( Pseudo : Capucine Elmand ), banni par : Chris Lopez"
  }]